id,street,city,state
110367,1000 S Washington Ave,Scranton,PA
164548,1420 5th Ave,Seattle,WA
355416,4900 N 27th St,Lincoln,NE
394769,3831 Bladensburg Rd,Colmar Manor,MD
123365,1020 Port Washington Road,Grafton,WI
361732,39615 WASHINGTON STE H,PALM DESERT,CA
361576,8849 Villa La Jolla Dr,La Jolla,CA
349272,5705 Deerfield Blvd,Mason,OH
109595,249 Summit Park Dr.,Pittsburgh,PA
131339,10751 WEST OVERLAND ROAD,BOISE,ID
1008896,3611 Lapalco Blvd.,Harvey,LA
344611,530 MT Pleasant Ave,Dover,NJ
344612,2000 Butterfield Rd,Downers Grove,IL
346013,5900 W Airport Hwy,Toledo,OH
346014,4581 S 4000 W,West Valley City,UT
359699,984 Wall Avenue,Ogden,UT
166624,8750 Genesee Avenue,San Diego,CA
356217,883 S DOGWOOD,SILOAM SPRINGS,AR
133911,1012 W BEVERLY BLVD,MONTEBELLO,CA
119860,224 Lafayette St.,London,OH
111139,241 Fort Evans Rd.,Leesburg,VA
132949,3521 Zafarano Drive,Santa Fe,NM
118190,210 McMurry Boulevard  East,Hartsville,TN
138653,17942 SW Mcewan Road,Tigard,OR
151253,2842 SE FRONTAGE RD,LOVELAND,CO
145942,5255 MOWRY AVE,FREMONT,CA
355752,1102 E ADMIRAL DOYLE DR,NEW IBERIA,LA
131681,1324 North State Street,Provo,UT
341529,630 13th Street,Pine City,MN
357655,2808 South Hwy 6,Houston,TX
130796,800 S Hover St,Longmont,CO
135272,68509 E Us Highway 111,Cathedral City,CA
1008491,10411 James Monroe Hwy.,Culpeper,VA
155761,2031 Main St,Ferndale,WA
136591,1977 W Cleveland Ave,Madera,CA
362284,500 WEST VANDALIA AVENUE,PORTERVILLE,CA
373655,2794 E Fowler Ave,Tampa,FL
361679,853 ORANGE AVE,CORONADO,CA
111140,1019-B Edwards Ferry Rd.,Leesburg,VA
333035,7125 W 88th Ave,Westminster,CO
148713,1313 DOLLEY MADISON BLVD,MCLEAN,VA
155743,1307 Travis Blvd,Fairfield,CA
163258,2145 Foothill Blvd.,La Verne,CA
150335,198 W. PARKER St,BAXLEY,GA
127849,301 Tanger Dr.,Terrell,TX
149738,2055 Elks Dr.,San Bernardino,CA
361894,292 North G Street,San Bernardino,CA
361760,564 Danenberg Dr,El Centro,CA
344357,2555 N Normandy,Chicago,IL
344359,656 Reservoir Avenue,Bridgeport,CT
137515,6081 MERIDIAN AVE,SAN JOSE,CA
359610,9570 S Highland Dr,Sandy,UT
106158,136 Passaic St,Garfield,NJ
137519,1009 E CAPITOL EXPWY,SAN JOSE,CA
143818,20955 DAVENPORT DR. #102,STERLING,VA
147236,8791 N. Wayne Road,WESTLAND,MI
350356,26500 Gratiot Ave,Roseville,MI
361533,2525 El Camino Real,Carlsbad,CA
134079,3380 LOS COYOTES DIA,LONG BEACH,CA
156333,2590 Washington Blvd,Ogden,UT
159571,13135 Louetta,Cypress,TX
106323,414 Grand St,Jersey City,NJ
354094,820 Bloomington Rd,Champaign,IL
107180,315 Park Avenue South,Manhattan,NY
151799,12830 STATE Rd 23,GRANGER,IN
111599,1001 Twin Arch Rd,Mt Airy,MD
114533,2900 Delk Rd Se  Ste 2200,Marietta,GA
360923,257 Fox Hills Mall,Culver City,CA
113638,603 Us Highway 321 Nw,Hickory,NC
112940,1361 E Broad Street,Fuquay Varina,NC
139010,1955 156th Ave Ne,Bellevue,WA
176204,27008 92nd Ave NW,Stanwood,WA
153201,3020 Main Gate Lane,Kissimmee,FL
394593,148 Sunset Blvd.,New Castle,DE
158556,7633 New Hampshire Ave,Takoma Park,MD
128271,735 E Highway 377,Granbury,TX
353907,628 S SANGAMON,GIBSON CITY,IL
146202,5959 W Belmont Ave,CHICAGO,IL
352306,28715 US Hwy 2,Ashland,WI
132195,7055 EAST CAMELBACK ROAD,SCOTTSDALE,AZ
137592,5546 Monterey Rd.,San Jose,CA
140725,977 Prospect Avenue,Bronx,NY
375128,1951 S Signal Butte Rd,Mesa,AZ
355807,625 S BURNSIDE AVE,GONZALES,LA
128943,14400 Memorial Dr,Houston,TX
355608,9954 LAKE FOREST BLVD STE 1,NEW ORLEANS,LA
393320,1517 Idlewild Ave,Green Cove Springs,
364161,9551 Ridgetop Blvd Nw,Silverdale,WA
137607,4707 QUAIL LAKE DR. #400,STOCKTON,CA
394340,715 State Road 207,St Augustine,
176754,21 Broad St,Stamford,CT
351971,9090 N Green Bay Rd,Brown Deer,WI
162472,1325 21st,Lewiston,ID
144607,3002 Wakefield Drive,CARPENTERSVILLE,IL
353538,7760 S Cicero Ave,Burbank,IL
397231,2070 Thundering Herd Rd,Barboursville,WV
353442,95B W JOE ORR RD,CHICAGO HEIGHTS,IL
145843,5076 W. Sunset Blvd.,LOS ANGELES,CA
143182,161 Oakwood Ave,West Hartford,CT
1008653,297 E Main St,Logan,OH
345771,2600 41st Avenue,Soquel,CA
357488,1214 Westheimer,Houston,TX
149376,18496 NW 67th Ave,Hialeah,FL
119261,3706 Diann Marie Rd,Louisville,KY
107316,350 W 125th St,New York,NY
109174,1255 Niagara Falls Blvd.,Amherst,NY
128540,2765 W Washington St,Stephenville,TX
164980,2955 Kirby-Whitten Pkwy,Bartlett,TN
374662,3954 Route 31,Liverpool,NY
356865,11255 Garland Rd,Dallas,TX
128134,1329 S Jackson St,Jacksonville,TX
352080,1015 N MAIN ST,OREGON,WI
342383,1200 Highway 84,Goldthwaite,TX
156381,1793 E. Palm Cyn Dr,Palm Springs,CA
132159,9538 E Riggs Rd,Sun Lakes,AZ
354527,6103 Ronald Reagan Dr,Lake St. Louis,MO
153130,2301 NORIEGA ST,SAN FRANCISCO,CA
473525,13630 POWAY RD,POWAY,CA
119731,5900 Britton Pkwy,Dublin,OH
375579,501 Rodman Street,Fall River,MA
121689,425 Little League Blvd,Clarksville,IN
372044,1991 Ne Cornell Rd, Ste 110,Hillsboro
112537,2418 Jackson Avenue,Point Pleasant,WV
167922,5150 Westheimer,Houston,TX
392906,8730 WEST DEMPSTER,Niles,IL
111593,18065 Garland Groh Blvd,Hagerstown,MD
119840,1739 Stringtown Road,Grove City,OH
133994,6601 E Alondra,Paramount,CA
393289,14780 NE Hwy 315,Ft. McCoy,
1008308,87 Federal Road,Danbury,CT
109182,3035 Niagra Falls Blvd,Amherst,NY
130213,2607 WOLFLIN AVE,AMARILLO,TX
124106,3301 32 Ave,Grand Forks,ND
392681,7760 Gunston Plaza Drive,Lorton,VA
114360,1820 Hwy 20 SE,Conyers,GA
112891,1571 Beaver Creek Commons Drive,Apex,NC
140466,1388 E Main St,Woodland,CA
163432,80 Pine Street,New York,NY
116300,11945 Pines Blvd,Pembroke Pines,FL
134899,495 N 2nd St,El Cajon,CA
153859,1300 Broad St,Wichita Falls,TX
359756,214 E TABERNACLE,SAINT GEORGE,UT
147177,8540 W. IRLO BRONSON HWY,KISSIMMEE,FL
129635,6102 Fm 3009,Schertz,TX
1008651,5300 Eagleston Blvd,Wesley Chapel,FL
120564,613 W. Main Street,Louisville,OH
130422,20901 East Smoky Hill Road,Aurora,CO
1009335,3255 Auto Plaza,Richmond,CA
1122143,3603 Witherspoon Road,Durham,NC
358126,241 Business 35 South,New Braunfels,TX
163511,2296-A Martin Luther King Blvd,Panama City,FL
1008310,20 Myrtle Ave,Stamford,CT
138581,245 SW Morrison,Portland,OR
352489,14825 GRANADA AVE,APPLE VALLEY,MN
149852,115 N. WASHINGTON,LINCOLNTON,GA
160550,555 W. 42ND STREET,New York,NY
351728,2605 Blairs Ferry Rd Ne,Cedar Rapids,IA
123535,1201 N Wright Rd,Janesville,WI
132768,505 S Milton Rd,Flagstaff,AZ
152545,244 WOOD St,LEXINGTON,MA
351375,813 S GARFIELD,TRAVERSE CITY,MI
112039,4300 Portsmouth Blvd,Chesapeake,VA
165335,1451 Manhattan Blvd,Harvey,LA
140831,5454 Sunset Blvd  Ste H,Lexington,SC
134130,663 Foothill Blvd,La Canada,CA
347618,2039 Broadway St Ne,Knoxville,TN
115855,34904 Emerald Coast Pkwy Suite 118,Destin,FL
346329,117 WAL-MART DR,HARTWELL,GA
152499,13890 SW 56th St,Miami,FL
125592,2 Mid Rivers Mall Drive,St. Peters,MO
356696,751 West Main St,Lewisville,TX
129659,1434 Austin Hwy,San Antonio,TX
156447,1260 Gail Gardner Way #125,Prescott,AZ
342679,2727 North 20th Ave.,Wausau,WI
139522,1940 E 1st Street #110,Port Angeles,WA
372573,37 S Moger Avenue ,Mt. Kisco,NY
148598,2162 Henderson Mill Rd NE,Atlanta,GA
113867,1326 Bush River Rd,Columbia,SC
105177,999 S. WASHINGTON ST.,NORTH ATTLEBORO,MA
126665,7171 Corporate Blvd,Baton Rouge,LA
166994,476 Connector Rd.,Georgetown,KY
126511,2017 W University,Lafayette,LA
344293,7665 Highway 70 South,Nashville,TN
125408,2709 Walton Way,Marion,IL
132362,6710 W Bethany Home Rd,Glendale,AZ
109038,601 E. Main Street,Batavia,NY
149871,111 WALNUT St,HIGHLAND,IL
395055,6400 Massachusetts,New Port Richey,FL
153168,5997 Stirling Rd,Davie,FL
105570,365 Allen Avenue,Portland,ME
145580,4581 E. Charleston Blvd,LAS VEGAS,NV
363758,245 LAMSON ST,WILLAMINA,OR
375460,425 Portion Road,Lake Ronkonkoma,NY
118862,122 Northwest Plz,Senatobia,MS
129916,4101 S Mccoll Rd,Edinburg,TX
341959,8038 N. U.S. Hwy. 14,Evansville,WI
1009027,204 1-45 South,Madisonville,TX
130830,4333 Corbett Drive,Fort Collins,CO
107564,125 Chatsworth Ave,Larchmont,NY
397168,6600 Richmond Hwy,Alexandria,VA
113662,276 Watauga Village Dr,Boone,NC
133042,3821 E Craig Rd,N Las Vegas,NV
375342,275 Highland Avenue,Cheshire,CT
361020,21017 Hawthorne Blvd,Torrance,CA
124725,262 S Weber Rd,Bolingbrook,IL
356500,8880 S Delaware Avenue,Tulsa,OK
357728,9669 Fm 1960 Bypass Rd W,Humble,TX
114016,1501 Hwy 17 North,Mt Pleasant,SC
393458,1902 Owen Drive,Fayetteville,
155652,143 McGavock Pike,Nashville,TN
374411,5221 Hazelbrook Ave.,Lakewood,CA
147803,15TH AKRON,LUBBOCK,TX
140597,5840 Crossroads Center Way,Bailey's Crossroads,VA
140793,880 N Military Hwy  Ste 1040,Norfolk,VA
374620,131 River Road,Andover,MA
127702,100 N Central Expressway,Richardson,TX
473109,1313 GEORGE DIETER DR. #B,EL PASO,TX
125162,1647 38th St Suite A,Peru,IL
110355,639 Hamlin Highway,Lake Ariel,PA
141860,10 S. MAIN ST.,SMITHFIELD,UT
141517,3575 Jefferson Davis Highway,Alexandria,VA
162764,24338 El Toro Road,Laguna Hills,CA
473665,4360 SUMMIT PLAZA DR,LOUISVILLE,KY
111674,6053 Leesburg Pike,Falls Church,VA
113154,1825 East 10th Street,Roanoke Rapids,NC
348875,8224 GOLDEN LINK BOULEVARD,NORTHFIELD,OH
374763,1206 Avenida Central,Lady Lake,FL
355488,109 W 5TH ST,ALLIANCE,NE
142834,14057 Interurban Ave S,Tukwila,WA
146556,6881 Greenville Avenue,DALLAS,TX
117539,35 Camp Rd P.O. Box 780,Cleveland,AL
348313,8073 CONNECTOR DR,FLORENCE,KY
134744,31 W Foothill Blvd,Upland,CA
119737,5123 Tuttle Crossing Blvd.,Columbus,OH
109997,1275 York Road (US Route 30),Gettysburg,PA
115382,7805 Abercorn St. Ext.,Savannah,GA
165521,585 2nd Avenue,New York,NY
142796,13940 Jefferson Davis Hwy,WOODBRIDGE,VA
116893,298 WestShore Plaza,Tampa,FL
106942,400 Quakerbridge Road,Lawrenceville,NJ
151014,13603 E. 13 Mile Rd,Warren,MI
132246,10115 E BELL RD,SCOTTSDALE,AZ
105729,108 Cornerstone Drive,Williston,VT
105734,29-31 Main Street,Montpelier,VT
177568,8 Centerpointe Drive,Lake Oswego,OR
348188,12935 Shelbyville Rd,Louisville,KY
127730,1005 E. IH30,Rockwall,TX
146670,711 Broadway,MASSAPEQUA,NY
111639,1000 E Pulaski Hwy,Elkton,MD
361002,3363 Century Blvd,Inglewood,CA
353849,3150 N LINCOLN,CHICAGO,IL
132539,13982 W. WADDELL ROAD,SURPRISE,AZ
121864,5679 S. U.S. Hwy 41,Terre Haute,IN
173985,125 West Britton Rd,Oklahoma City,OK
349375,155 West Kemper,Springdale,OH
149629,309 S. Main St,Breckenridge,CO
104736,70 Worcester Providence Tpke,Millbury,MA
356966,200 W Shannon Rd,Sulphur Springs,TX
361123,15126 Paramount Blvd,Paramount,CA
123693,180 Cedar Falls Rd,Menomonie,WI
347611,5549 CLINTON HWY,KNOXVILLE,TN
129212,13742 N Eldridge Pkwy,Cypress,TX
1121963,2805 Bee Caves Road,Austin,TX
159338,112 Washington Pl,Pittsburgh,PA
140156,958 W Street Rd,Warminster,PA
122107,5645 Jackson Rd,Ann Arbor,MI
126563,1723 Creswell Ln Ext,Opelousas,LA
159507,3461 E. Causeway Approach,Mandeville,LA
121411,3489 West 86th Street,Indianapolis,IN
116135,7336 Curry Ford Rd,Orlando,FL
165144,9 South Rio Grande Street,Salt Lake City,UT
160468,7410 West Bell Road,Glendale,AZ
147143,8472 Piney Branch Rd,Silver Spring,MD
362298,1942 S COURT ST,VISALIA,CA
1122063,2199 Monterey Highway #80,San Jose,CA
360010,14835 E SHEA BLVD STE 101,FOUNTAIN HILLS,AZ
165423,893 S Kuner Rd,Brighton,CO
157147,1955 W. 120TH Ave,WESTMINSTER,CO
351625,1218 S MAIN,SIOUX CENTER,IA
345347,901 Civic Center Plaza,Niles,IL
117193,1952 Kings Highway,Port Charlotte,FL
125373,2501 West Wabash Avenue,Springfield,IL
128621,2831 N Bryant St,San Angelo,TX
372526,555 Quince Orchard Rd  Suite 150,Gaithersburg,MD
360256,6360 E GOLF LINKS RD,TUCSON,AZ
394348,7211 103rd St,Jacksonville,
347989,6152 U S Highway 98,Hattiesburg,MS
121317,2600 W Michigan St,Indianapolis,IN
176704,17449 Boones Ferry Rd,Lake Oswego,OR
346625,907A MARTIN LUTHER KING DR,EAST SAINT LOUIS,IL
349430,118 S WASHINGTON,NEW PARIS,OH
364314,920 Engh Road,Omak,WA
144778,3200 NW 54th St,Seattle,WA
106168,487 Ridge Rd,North Arlington,NJ
393887,3653 US Hwy 301 South,Sharpsburg,
350321,51315 Gratiot Ave,Chesterfield Twsp,MI
115340,175-A Tom Hill SR Blvd.,Macon,GA
131638,145 West Cache Valley Blvd,Logan,UT
139623,4502 South Steele Street,Tacoma,WA
350307,6736 S RIVER RD,MARINE CITY,MI
353885,2803 S Cicero Ave,Cicero,IL
394532,990 Prince Ave,Athens,
333443,14555 Valley Center Drive,Victorville,California
130623,1760 16th St,Denver,CO
125773,415 Conley Rd,Columbia,MO
165249,9505 North Sommerville Drive,Fresno,CA
358892,1205 S Havana St,Aurora,CO
165961,1240 University Avenue,San Diego,CA
126734,1920 S Arkansas St,Springhill,LA
473063,15212 CROSSROADS PARKWAY,GULFPORT,MS
359352,850 N 5th Ave,Pocatello,ID
175504,1605 E Evans Ave,Denver,CO
375281,1506 State Route 23,Butler,NJ
163254,4340 Little Road,Arlington,TX
122318,11606 Woodward Ave,Detroit,MI
346058,2892 Cook Road,W Branch,MI
392893,747 INDIAN BOUNDARY ROAD,Chesterton,IN
146092,5616 SOUTH DALE MABRY,TAMPA,FL
154189,228 N. 2ND AVE,ROME,GA
359043,391 N FEDERAL,DENVER,CO
358888,14200 E Alameda Ave,Aurora,CO
153940,1401 Monza Ave,Coral Gables,FL
127623,8585 N Macarthur Blvd,Irving,TX
165883,22113 Powerline Rd.,Boca Raton,FL
157224,6485 S Chickasaw Trl,Orlando,FL
116032,621 Cheney Hwy,Titusville,FL
106889,2100 Pacific Ave.,Atlantic City,NJ
396546,1883 Wentzville Pkwy,Wentzville,MO
128594,1521 N I-35,Bellmead,TX
136862,2750 Van Ness Ave,San Francisco,CA
175987,5774 South Transit Rd,Lockport,NY
395903,5065 Main St Ste Target,Trumbull,CT
111083,4635 South Capitol Street SW,Washington,DC
112521,Unit 300 Huntington Mall,Barboursville,WV
109834,59 North Main Street,Port Allegany,PA
394151,5425 Forest Drive,Columbia,
141522,3575 Jefferson Davis Highway,Alexandria,VA
112797,113 B Mayo St,Hillsborough,NC
176233,1788 Lake St.,Hanover Park,IL
112060,1405 North Main Street,Suffolk,VA
117822,973 Gilbert Ferry Rd Se,Attalla,AL
357601,7950 Westheimer,Houston,TX
177070,175 N Fairview Ave,Goleta,CA
473035,3131 US HIGHWAY #16,LACROSSE,WI
136695,2143 N. MAIN,SALINAS,CA
120920,1019 Wapakoneta Ave,Sidney,OH
139845,304 1st St,Cheney,WA
156872,11402 W. Markham St,Little Rock,AR
152953,1575 Old Trolley Rd,Summerville,SC
109814,213 Sophira Dr.,Altoona,PA
135930,1406 West Edinger Avenue,Santa Ana,CA
1122298,7929 Lake Ballinger Way,Edmonds,WA
341693,1800 School Drive,Jacksonville,AR
165077,4035 S Durango Blvd,Las Vegas,NV
350009,3607 BLUFFTON RD,FORT WAYNE,IN
126773,435 Boardwalk Blvd.,Bossier City,LA
151176,1020 US Highway 27 S,Avon Park,FL
123340,5811 Elmore Ave,Davenport,IA
353286,369 W Army Trail Rd,Bloomingdale,IL
154340,1613 WASHBURN WAY,KLAMATH FALLS,OR
107253,1755 Broadway,Manhattan,NY
139098,529 Parkplace Center,Kirkland,WA
157333,12000 MCCREE Rd,DALLAS,TX
156879,1958 W. 25th St,Cleveland,OH
119908,100 E Broad St,Columbus,OH
136040,1010 N Harbor Blvd,Fullerton,CA
153455,101 S. WARWICK Rd,MAGNOLIA,NJ
396626,100 14th St,Jersey City,NJ
373498,Pinecrest Plaza #5,Southern Pines,NC
155284,156 E. Maine St,Amboy,MN
126048,110 E. 5TH,VALLEY CENTER,KS
154588,3148 W. OAK St,JENA,LA
112870,2618 BATTLEGROUND AVE,GREENSBORO,NC
347483,4735 Hwy 58,Chattanooga,TN
137947,2495 Iron Point Road,Folsom,CA
157618,20 W. Pioneer Rd,Fond Du Lac,WI
149048,100 E. STEVENS,QUITMAN,GA
361157,4520 ATLANTIC AVE,LONG BEACH,CA
362121,676 S State College Blvd,Anaheim,CA
159218,600 Maryland Avenue  SW,Washington,DC
359934,4401 E MCKELLIPS RD STE 104,MESA,AZ
150321,105 Highway 121,Trenton,TX
157154,3300 W. 72nd Ave,Westminster,CO
160402,222 36th Street,Bellingham,WA
374643,2000 Route 38 Ste 1180,Cherry Hill,NJ
391957,1001 Fourth Street SE,St. Cloud,MN
162583,1600 Chamberlain Pkwy.,Fort Myers,FL
121834,730 Us Highway 66 E,Tell City,IN
129088,2165 Northpark Dr,Kingwood,TX
154797,100 E. WEATHERFORD,FORT WORTH,TX
154924,230 Franklin Rd,Franklin,TN
167402,9125 West Sam Houston Pkwy,Houston,TX
145280,4010 Lincoln Blvd.,MARINA DEL REY,CA
104652,1047 Thorndike Street,Palmer,MA
351072,6650 S Westnedge Ave,Portage,MI
151653,1291 Raintree Rd,Mankato,MN
163778,12821 Braemar Village Plaza,Bristow,VA
150852,1601 9TH Ave SOUTHEAST,WATERTOWN,SD
357945,125 HWY 332 W STE C,LAKE JACKSON,TX
342158,511 Main Street,Princeton,WI
342724,244 Melton Road,Chesterton,IN
343489,476600 Highway 95 North,Sandpoint,ID
116392,10542 Wiles Road,Coral Springs,FL
352881,1710 Paul Bunyan Dr Nw,Bemidji,MN
130742,3325 28th St  Unit 4,Boulder,CO
349395,9146 Union Cemetery Rd,Cincinnati,OH
345724,1055 Paterson Plank Rd,Secaucus,NJ
128881,4165 Fm1960 W,Houston,TX
110311,200 W. CATAWISSA STREET,NESQUEHONING,PA
349886,30801 Old Us 20,Elkhart,IN
374582,Village East Shopping Center,Salem,OR
123609,222 S Main St,Seymour,WI
347828,7740 Craft Goodman Rd,Olive Branch,MS
115904,4600 HIGHWAY 90 E,PACE,FL
160624,3013 NW Stewart Pkwy,Roseburg,OR
113453,521 North McPherson Church Road,Fayetteville,North Carolina
158758,106 N Hwy 79,Olney,TX
138372,2335 KALAKAUA AVE,HONOLULU,HI
129815,15900 La Cantera Parkway,San Antonio,TX
172005,Yale Rd & Chem Ave,Chilliwack,BC
163444,1300 Prospect Ave.,Helena,MT
119058,231 Frontage Rd,Picayune,MS
145920,5202 EL CAJON BLVD,SAN DIEGO,CA
105534,ONE FREEPORT VILLAGE STATION SPACE 303S,FREEPORT,ME
126794,1801 Louisville Avenue,Monroe,LA
341957,115 Hwy 63 West,Marked Tree,AR
137639,205 W. LOCKFORD,LODI,CA
343581,101 St Paul Box 400,Linton,ND
374040,199 Deane Drive,Rockford,IL
472907,28512 TELEGRAPH ROAD,SOUTHFIELD,MI
372487,1170 US Route 22 East  Suite #101,Bridgewater,NJ
162143,20205 N 67th Ave,Glendale,AZ
128713,8767 S Main,Houston,TX
123244,2200 17Th St.,Spirit Lake,IA
143411,17710 FOOTHILL BLVD,FONTANA,CA
140663,697 East Gunhill Road,Bronx,NY
150102,13021 Ocean Highway,Pawleys Island,SC
149012,13972 STATE ROUTE 111,SPENCER,TN
111078,3301 New Mexico Avenue NW,Washington,DC
111868,1448 Richmond Road,Charlottesville,Virginia
345119,1200 Nixon Dr,Mount Laurel,NJ
149474,321 S. FIRST,ABERDEEN,SD
393414,17503 W Colonial Dr,Oakland,
356153,1320 Stadium Blvd,Jonesboro,AR
126991,1818 N TAYLOR ST,LITTLE ROCK,AR
106965,333 Atlantic City Blvd.,Bayville,NJ
166639,8729 Siegen Lane,Baton Rouge,LA
362233,1941 N Rose Ave,Oxnard,CA
341733,205 West Belknap Street,Jacksboro,TX
342474,455 East Pershing Road,Decatur,IL
125880,3300 Iowa St,Lawrence,KS
141794,1501 S. CLINTON St,BALTIMORE,MD
108592,579 Troy/Schenectady Road,Latham,NY
115808,38 S BLUE ANGEL PKWY,PENSACOLA,FL
343223,920 Arizona Ave,Parker,AZ
355827,20377 OLD SCENIC HWY STE 203,ZACHARY,LA
150842,14545 W. CENTER Rd,OMAHA,NE
106161,432 Bergen Street,Harrison,NJ
124034,1905 Valley Pine Circle,International Falls,MN
113819,225 Washington Street,Sumter,SC
166449,84 Burlington Mall Road,Burlington,MA
112258,4210 Franklin Rd Sw,Roanoke,VA
393104,1115 Randolph Street,Thomasville,
473801,1235 W. WASHINGTON STREET,SEQUIM,WA
110956,147 CHRISTIANA MALL,NEWARK,DE
140515,240 Ridge Way,Flowood,MS
144883,3345 Lake Ave,ROCHESTER,NY
344684,2500 Troy Road,Edwardsville,IL
111529,2027 West Street,Annapolis,MD
358469,918 N Austin Ave,Georgetown,TX
346875,14001 HWY 43 STE 7,RUSSELLVILLE,AL
110602,821 Lancaster Ave,Wayne,PA
374649,1497 Richmond Avenue,Staten Island,NY
108882,655 Route 318,Waterloo,NY
162335,10100 Mukilteo Speedway,Mukilteo,WA
141132,5555 St. Louis Mills Blvd.,Hazelwood,MO
132869,6300 San Mateo Blvd,Albuquerque,NM
1121662,3806 Paxton Avenue,Cincinnati,OH
396252,3201 S Iowa St,Lawrence,KS
1009286,1400 Auto Center Drive,Merced,CA
120144,3191 Guernsey St,Bellaire,OH
114211,204 N Cambridge P.O. Box 356,Ninety-Six,SC
396873,87 Wagner Rd,Monaca,PA
165532,1801 Market St.,Philadelphia,PA
129377,3605 Center St,Deer Park,TX
396718,9841 Northlake Centre Pkwy,Charlotte,NC
175236,200 Westminster Mall,Westminster,CA
357180,1201 E. Main St.,Itasca,TX
373538,851 Cobb Place Blvd,Kennesaw,GA
128544,1410 E Main St,Eastland,TX
131277,1600 North Main Street,Meridian,ID
364251,1000 W STEUBEN,BINGEN,WA
121696,1250 Veterans Parkway,Clarksville,IN
374948,116 Northshore Blvd,Slidell,LA
348058,1521 Bienville Blvd,Ocean Springs,MS
374168,2503 W. Wheatland Rd.,Dallas,TX
132558,10072 W. Happy Valley Parkway,Peoria,AZ
128249,951 Sw Wilshire Blvd,Burleson,TX
375479,1831 East Main Street,Peekskill,NY
146315,6101 Ridge Ave,PHILADELPHIA,PA
